/*
A script that inserts the given rows into the tables
Evan Christensen
Stephen Marcel
*/


--INSERT INTO person VALUES ('per_id 5','first_name15','last_name15','city15','street_name25',street_number5,'apt10','state2','country15',zip_code5, email 50);
INSERT INTO person VALUES ('1000A','Bucky','McLame', 'Baton Rouge','Highland dr', '3636', null,'LA','USA','70808', 'catlover75@aol.com');
INSERT INTO person VALUES ('1000B','Greg','Black','New Orleans','Read blvd', '10501', '8G','LA','USA','70127', 'darkhorse504@gmail.com');
INSERT INTO person VALUES ('1000C','Linsey','Grumbacher','Pardis','Turdferguson ln', '902', null,'LA','USA','70510', 'muses4life@charter.net');
INSERT INTO person VALUES ('1000D','Edna','Forse','McComb','Dinner Bell st', '132', '3A','MS','USA','71008', 'basketball4evr@hotmail.com');
INSERT INTO person VALUES ('1000E','Libby','Burgeous','Orange','Pine st', '1200', null,'CA','USA','71440', 'savethetrees@netscape.com');
INSERT INTO person VALUES ('1000F','Jon','Arbuckle','Boise','Granpa', '603', '241','ID','USA','71100', 'bestgranpa@knology.net');
INSERT INTO person VALUES ('10010','Kip','Irvine','Portland','Computer Science ave', '888', null,'OR','USA','72040', 'CSCImaster1982@uno.edu');
--INSERT INTO phone VALUES ('per_id10', 'country_code3','area_code3','phone_number7','phone_type6');
INSERT INTO phone VALUES ('1000A', '1','223','2349874','work');
INSERT INTO phone VALUES ('1000A', '1','223','4449874','mobile');
INSERT INTO phone VALUES ('1000B', '1','423','2378874','home');
INSERT INTO phone VALUES ('1000B', '1','423','4449574','mobile');
INSERT INTO phone VALUES ('1000C', '1','283','2102934','work');
INSERT INTO phone VALUES ('1000D', '1','723','7749364','mobile');
INSERT INTO phone VALUES ('1000D', '1','723','8932274','home');
INSERT INTO phone VALUES ('1000E', '1','883','9049074','mobile');
INSERT INTO phone VALUES ('1000F', '1','483','2459874','work');
INSERT INTO phone VALUES ('10010', '1','728','4678874','mobile');
INSERT INTO phone VALUES ('10010', '1','728','2317574','work');
INSERT INTO phone VALUES ('10010', '1','728','4749250','home');
--INSERT INTO course VALUES ('c_code10','title100','level15','description50','status15',retail_price6_2, 'prereq10', 'institution40');
INSERT INTO course VALUES ('00525','Advanced Information Assurance','Advanced','Confusing topics related to cyber security','active', '925.57', null, 'University of New Orleans');
INSERT INTO course VALUES ('00522','Networking','Intermediate','A broader understanding of cloud computing','active', '933.57', null, 'University of New Orleans');
INSERT INTO course VALUES ('00503','Advanced Object Oriented Programming','Advanced','Detailed view of Java programming','active', '1000.57', null, 'University of New Orleans');
INSERT INTO course VALUES ('00502','Intro to Java','Beginner','concise introduction to Java programming','active', '977.57', null, 'University of New Orleans');
INSERT INTO course VALUES ('00500','Python Programming','Beginner','concise introduction to python programming','active', '987.57', null, 'Coursera');
INSERT INTO course VALUES ('00510','Sorting, Search and Randomized Algorithms','Beginner','Specialize in asymptotic notation, sorting searching and randomized algorithms','active','749.98', null, 'Coursera');
INSERT INTO course VALUES ('00511','Graph Search, Shortest Paths, and Data Structures','intermediate','Specialize in data structures and graph primitives','active','778.00', '00510', 'Coursera');
INSERT INTO course VALUES ('00621','Algebra I','beginner','Algebra','active','1450.26', null, 'University of New Orleans');
INSERT INTO course VALUES ('00622','Trig','beginner','Trig','active','1450.00', '00621', 'University of New Orleans');
INSERT INTO course VALUES ('00623','Calculus','beginner','Calculus','active','1450.77', '00622', 'University of New Orleans');
INSERT INTO course VALUES ('00701','Machine Learning','beginner','Machine Learning','active','1490.26', '00623', 'University of New Orleans');
INSERT INTO course VALUES ('00777','Mega Course','Advance','Stuff','active','3450.26', null, 'University of Flem');
INSERT INTO course VALUES ('00333','fake 1','beginner','fooism','active','1400.26', null, 'University of Grapeseed');
INSERT INTO course VALUES ('00334','fake 2','beginner','foo','active','1350.26', null, 'University of Bollocks');
--INSERT INTO section VALUES ('sec_no10','c_code10',year4, 'complete_date10','offered_by40','sec_format20',price6_2);
INSERT INTO section VALUES ('001','00525','2018', '08/26/2018','University of New Orleans','onsite','925.57');
INSERT INTO section VALUES ('002','00522','2018', '08/26/2018','University of New Orleans','onsite','933.57');
INSERT INTO section VALUES ('001','00503','2018', '08/26/2018','University of New Orleans','onsite','1000.57');
INSERT INTO section VALUES ('456','00502','2018', '09/18/2018','University of New Orleans','online','977.57');
INSERT INTO section VALUES ('603','00500','2018', '09/18/2018','Coursera','online','987.57');
INSERT INTO section VALUES ('001','00621','2018', '08/26/2018','University of New Orleans','onsite','1450.97');
INSERT INTO section VALUES ('602','00510','2017', '05/28/2017','Coursera','online','749.98');
INSERT INTO section VALUES ('001','00511','2018', '03/23/2018','Coursera','online','778.00');
INSERT INTO section VALUES ('001','00622','2018', '08/26/2018','University of New Orleans','onsite','1450.00');
INSERT INTO section VALUES ('002','00622','2018', '08/26/2018','University of New Orleans','onsite','1450.00');
INSERT INTO section VALUES ('001','00623','2018', '08/26/2018','University of New Orleans','onsite','1450.77');
INSERT INTO section VALUES ('001','00701','2018', '08/26/2018','University of New Orleans','onsite','1490.26');
--INSERT INTO knowledge_skill VALUES ('ks_code10','title20','description50','level15', 'cc_code10');
INSERT INTO knowledge_skill VALUES ('10833','Advanced Java Programming','Inheritance!','Advanced', 'DDA');
INSERT INTO knowledge_skill VALUES ('10832','Java Programming','Objects!','Beginner', 'DDA');
INSERT INTO knowledge_skill VALUES ('10932','Cyber Security','Save you from yourself','Advanced', 'DA');
INSERT INTO knowledge_skill VALUES ('10955','Algorithms','Analysis of Boring','Beginner', 'ESAI');
INSERT INTO knowledge_skill VALUES ('10965','Data Structures','I love Arrays!','Intermediate', 'DDA');
INSERT INTO knowledge_skill VALUES ('10987','Python Programming','A basic understanding of the python programming language','Beginner', 'DA');
INSERT INTO knowledge_skill VALUES ('11200','Algebra','Algebra','beginner', 'DDA');
INSERT INTO knowledge_skill VALUES ('11203','Trig','Trig','beginner', 'DDA');
INSERT INTO knowledge_skill VALUES ('11225','Calculus','Calculus','beginner', 'DDA');
INSERT INTO knowledge_skill VALUES ('10889','Machine Learning','Deep Learning','Advance', 'DDA');
INSERT INTO knowledge_skill VALUES ('10856','Networking','Ports and what not','Beginner', 'ESAI');
--INSERT INTO skill_category VALUES ('cc_code4','func_code2','work_function100','parent_cc_code','parent_code_func');
INSERT INTO skill_category VALUES ('DDA','A','Analyze and Design Database',null,null);
INSERT INTO skill_category VALUES ('DDA','B','Develop and Implement Database','DDA','A');
INSERT INTO skill_category VALUES ('DDA','C','Perform Administration and Maintenance','DDA','B');
INSERT INTO skill_category VALUES ('DM','A','Perform Analysis',null,null);
INSERT INTO skill_category VALUES ('DM','B','Produce Visual and Functional Design','DM','A');
INSERT INTO skill_category VALUES ('DM','C','Perform Media Production ','DM','B');
INSERT INTO skill_category VALUES ('ESAI','A','Define Customer Requirements',null,null);
INSERT INTO skill_category VALUES ('ESAI','B','Define Solutions in New and Existing Systems','ESAI','A');
INSERT INTO skill_category VALUES ('ESAI','C','Provide Strategic Direction for System Configuration and Interoperability','ESAI','B');
--INSERT INTO company VALUES ('comp_id 10', 'comp_name 20' 'city 15', 'street_name 20', 'street_number 5,0', 'apt 15', 'state 2', 'country 15', 'zip_code 5,0', 'industry_group 40', 'website 40');
INSERT INTO company VALUES ('687331', 'Initech', 'Thibodaux', 'Canal Street', '450', '3', 'LA', 'USA', '70301', 'Database Management', 'www.thatdbegreat.com');
INSERT INTO company VALUES ('230921', 'Cyberdyne Systems', 'Los Angelos', 'Berretta St', '7500', null, 'CA', 'USA', '90210', 'Robitics', 'www.illbeback.com');
INSERT INTO company VALUES ('128456', 'Porter Cable Systems', 'Biloxi', 'Seaside Circle', '3421', null, 'MS', 'USA', '56219', 'Database Management', 'www.portercablesys.com');
INSERT INTO company VALUES ('490836', 'Johns Computer Repair', 'Chalmette', 'Quincy Lane', '437', null, 'LA', 'USA', '70452', 'Maintainence', 'www.john4help.com');
INSERT INTO company VALUES ('409382', 'Cyber Security by Bubba', 'Pahrumpf', 'Dry Rd', '23', null, 'NV', 'USA', '34712', 'Computer Security', 'www.bubbahelpsu.com');
INSERT INTO company VALUES ('101456', 'Ninth Ward Programming', 'New Orleans', 'Carter St.', '3987', null, 'LA', 'USA', '70004', 'Software Development', 'www.9thwardprog.com');
INSERT INTO company VALUES ('400000', 'Google', 'San Francisco', 'Google ave', '42', null, 'CA', 'USA', '30402', 'Software Development', 'www.google/hire/me/please.com');
--INSERT INTO GCIS VALUES ('industry_code 8,0', 'ind_title 25', 'industry_desc 50', 'parent_code 10', 'level 15');
INSERT INTO GCIS VALUES ('00000045', 'Information Technology', 'Information Technology', null, 'Sector');
INSERT INTO GCIS VALUES ('00004510', 'Software & Service', 'Software & service', '00000045', 'Industry Group');
INSERT INTO GCIS VALUES ('00451020', 'IT Service', 'IT Service', '00004510', 'Industry');
INSERT INTO GCIS VALUES ('45102010', 'IT Consulting and Service', 'Providers of Information Technology', '00451020', 'Sub Industry');
INSERT INTO GCIS VALUES ('00451030', 'Software', 'Software', '00004510', 'Industry');
INSERT INTO GCIS VALUES ('45103010', 'Application Software', 'Create Software', '00451030', 'Sub Industry');
INSERT INTO GCIS VALUES ('45103020', 'Systems Software', 'Producing Systems', '00451030', 'Sub Industry');
--INSERT INTO sub_ind VALUES ('comp_id 10', 'industry_code 10');
INSERT INTO sub_ind VALUES ('687331', '45102010');
INSERT INTO sub_ind VALUES ('230921', '45103010');
INSERT INTO sub_ind VALUES ('128456', '45103020');
INSERT INTO sub_ind VALUES ('490836', '45102010');
INSERT INTO sub_ind VALUES ('409382', '45103010');
INSERT INTO sub_ind VALUES ('101456', '45103020');
--INSERT INTO job_category VALUES ('job_cate 10', 'title 25', 'description 50', 'pay_range_high 7,2', 'pay_range_low 7,2' 'parent_cate 10');
INSERT INTO job_category VALUES ('CS001', 'Data Administrator', 'Data Administrator', '125000', '70000', null);
INSERT INTO job_category VALUES ('CS002', 'Data Management Associate', 'Data Management Associate', '100000', '60000', 'CS001');
INSERT INTO job_category VALUES ('CS003', 'Database Developer', 'Database Developer', '100000', '64000', 'CS001');
INSERT INTO job_category VALUES ('CS004', 'Programmer', 'Programmer', '120000', '55000', null);
INSERT INTO job_category VALUES ('CS005', 'Web Developer', 'Web Developer', '98000', '50000', 'CS004');
INSERT INTO job_category VALUES ('CS006', 'Systems Architect', 'Systems Level Programmer', '110000', '65000', 'CS004');
--INSERT INTO position VALUES ('pos_code 10', 'pos_name 15', 'emp_mode 15', 'pay_rate 7,2', 'pay_type 10', 'cat_code 10', 'comp_id 10');
INSERT INTO position VALUES ('06238', 'Digital Forensic Analyst', null, '70000', 'salary', 'CS006', '409382');
INSERT INTO position VALUES ('07360', 'Computer Technician', null, '40000', 'salary', 'CS005', '490836');
INSERT INTO position VALUES ('00126', 'Senior Developer', null, '35', 'hourly', 'CS004', '101456');
INSERT INTO position VALUES ('00125', 'Junior Developer', null, '25', 'hourly', 'CS004', '101456');
INSERT INTO position VALUES ('00438', 'Network Specialist', null, '75000', 'salary', 'CS005', '128456');
INSERT INTO position VALUES ('04567', 'System Administrator', null, '85000', 'salary', 'CS006', '230921');
INSERT INTO position VALUES ('00234', 'Software Developer', null, '100000', 'salary', 'CS003', '687331');
INSERT INTO position VALUES ('00444', 'Computer Scientist', null, '130000', 'salary', 'CS004', '400000');
INSERT INTO position VALUES ('00999', 'Made up', null, '110000', 'salary', 'CS003', '687331');
--INSERT INTO certificate VALUES ('cert_code 10', 't_code 10', 'title 15', 'expire_date 10', 'issued_by 25');
INSERT INTO certificate VALUES ('0200', null, 'Masters Degree in Computer Science', null, 'University of New Orleans');
INSERT INTO certificate VALUES ('0100', null, 'Bachelors Degree in Computer Science', null, 'University of New Orleans');
INSERT INTO certificate VALUES ('0024', null, 'Top Secret Security Clearance', '01/01/2025', 'National Security Agency');
INSERT INTO certificate VALUES ('0055', null, 'ServSafe Certification', '05/25/2017', 'ServSafe');
--INSERT INTO works VALUES ('per_id 10', 'pos_code 10', 'hire_date 10', 'leave_date 10');
INSERT INTO works VALUES ('10010', '04567','03/15/1983','12/12/2010');
INSERT INTO works VALUES ('1000A', '07360','08/10/1996','12/12/2012');
INSERT INTO works VALUES ('1000C', '00234','01/02/2006','02/27/2018');
INSERT INTO works VALUES ('1000C', '07360','11/02/2001','12/27/2005');
INSERT INTO works VALUES ('1000F', '06238','04/19/1999','07/16/2018');
INSERT INTO works VALUES ('1000B', '00438','07/02/1992','10/10/2016');
INSERT INTO works VALUES ('1000D', '00125','06/03/2002','08/10/2005');
INSERT INTO works VALUES ('1000E', '07360','08/21/2003','08/30/2008');
INSERT INTO works VALUES ('10010', '07360','01/11/2011',null);
INSERT INTO works VALUES ('1000A', '00234','08/10/2013',null);
INSERT INTO works VALUES ('1000C', '06238','01/02/2006',null);
INSERT INTO works VALUES ('1000F', '00126','08/19/2018',null);
INSERT INTO works VALUES ('1000B', '07360','07/02/2017',null);
--INSERT INTO has_skill VALUES('per_id 10', 'ks_code 10');
INSERT INTO has_skill VALUES('10010', '10965');
INSERT INTO has_skill VALUES('1000C', '10932');
INSERT INTO has_skill VALUES('1000D', '10955');
INSERT INTO has_skill VALUES('1000B', '10833');
INSERT INTO has_skill VALUES('1000B', '10832');
INSERT INTO has_skill VALUES('1000A', '10987');
INSERT INTO has_skill VALUES('10010', '11200');
INSERT INTO has_skill VALUES('10010', '10987');
INSERT INTO has_skill VALUES('10010', '10833');
--INSERT INTO pos_requires VALUES ('ks_code 10', 'pos_code 10', 'level 15');
INSERT INTO pos_requires VALUES ('10965', '04567', 'Intermediate');
INSERT INTO pos_requires VALUES ('10932', '06238', 'Advanced');
INSERT INTO pos_requires VALUES ('10833', '00126', 'Advanced');
INSERT INTO pos_requires VALUES ('10965', '00126', 'Advanced');
INSERT INTO pos_requires VALUES ('10832', '00125', 'Beginner');
INSERT INTO pos_requires VALUES ('10987', '00125', 'Beginner');
INSERT INTO pos_requires VALUES ('10955', '00444', 'Beginner');
INSERT INTO pos_requires VALUES ('10889', '00444', 'Beginner');
INSERT INTO pos_requires VALUES ('10987', '00444', 'Beginner');
INSERT INTO pos_requires VALUES ('10965', '00444', 'Beginner');
INSERT INTO pos_requires VALUES ('11200', '07360', 'Beginner');
INSERT INTO pos_requires VALUES ('10856', '07360', 'Beginner');
INSERT INTO pos_requires VALUES ('10832', '00999', 'Beginner');
INSERT INTO pos_requires VALUES ('10833', '00999', 'Beginner');
INSERT INTO pos_requires VALUES ('10955', '00999', 'Beginner');
INSERT INTO pos_requires VALUES ('10965', '00999', 'Beginner');
INSERT INTO pos_requires VALUES ('11200', '00999', 'Beginner');
INSERT INTO pos_requires VALUES ('10965', '00234', 'Intermediate');
INSERT INTO pos_requires VALUES ('10833', '00234', 'Advanced');
--INSERT INTO core_skill VALUES ('cc_code 10', 'job_cate 10');
INSERT INTO core_skill VALUES ('DDA', 'CS001');
INSERT INTO core_skill VALUES ('DA', 'CS001');
INSERT INTO core_skill VALUES ('DDA', 'CS002');
INSERT INTO core_skill VALUES ('DA', 'CS002');
INSERT INTO core_skill VALUES ('DA', 'CS003');
INSERT INTO core_skill VALUES ('DA', 'CS004');
INSERT INTO core_skill VALUES ('ESAI', 'CS001');
INSERT INTO core_skill VALUES ('ESAI', 'CS003');
INSERT INTO core_skill VALUES ('ESAI', 'CS004');
INSERT INTO core_skill VALUES ('DA', 'CS005');
INSERT INTO core_skill VALUES ('DDA', 'CS005');
INSERT INTO core_skill VALUES ('DDA', 'CS006');
INSERT INTO core_skill VALUES ('DA', 'CS006');
--INSERT INTO issues VALUES ('c_code 10', 'cert_code 10');
INSERT INTO issues VALUES ('00525', '0024');
INSERT INTO issues VALUES ('00503', '0200');
INSERT INTO issues VALUES ('00511', '0100');
--INSERT INTO teaches VALUES ('c_code 10', 'ks_code 10');
INSERT INTO teaches VALUES ('00500', '10987');
INSERT INTO teaches VALUES ('00510', '10955');
INSERT INTO teaches VALUES ('00511', '10965');
INSERT INTO teaches VALUES ('00502', '10832');
INSERT INTO teaches VALUES ('00503', '10833');
INSERT INTO teaches VALUES ('00525', '10932');
INSERT INTO teaches VALUES ('00622', '11203');
INSERT INTO teaches VALUES ('00623', '11225');
INSERT INTO teaches VALUES ('00701', '10889');
INSERT INTO teaches VALUES ('00522', '10856');
INSERT INTO teaches VALUES ('00621', '11200');
INSERT INTO teaches VALUES ('00522', '11200');
INSERT INTO teaches VALUES ('00777', '10932');
INSERT INTO teaches VALUES ('00777', '11200');
INSERT INTO teaches VALUES ('00777', '10856');
INSERT INTO teaches VALUES ('00333', '10832');
INSERT INTO teaches VALUES ('00333', '10833');
INSERT INTO teaches VALUES ('00334', '10965');
INSERT INTO teaches VALUES ('00334', '10955');
--INSERT INTO takes VALUES ('per_id 10', 'sec_no 10', 'c_code 10', 'year 4');
INSERT INTO takes VALUES ('1000C', '602', '00510', '2017');
INSERT INTO takes VALUES ('1000C', '001', '00525', '2018');
INSERT INTO takes VALUES ('1000A', '456', '00502', '2018');
INSERT INTO takes VALUES ('10010', '001', '00503', '2018');
INSERT INTO takes VALUES ('1000E', '603', '00500', '2018');
INSERT INTO takes VALUES ('1000F', '002', '00522', '2018');
--INSERT INTO requires_cert VALUES ('pos_code 10', 'cert_code 10');
INSERT INTO requires_cert VALUES ('06238', '0024');
INSERT INTO requires_cert VALUES ('06238', '0200');
INSERT INTO requires_cert VALUES ('00126', '0100');
INSERT INTO requires_cert VALUES ('00125', '0100');
INSERT INTO requires_cert VALUES ('00126', '0200');
INSERT INTO requires_cert VALUES ('04567', '0200');
--INSERT INTO skill_type VALUES ('cc_code 10', 'ks_code 10');
INSERT INTO skill_type VALUES ('DDA', '10965');
INSERT INTO skill_type VALUES ('DDA', '10833');
INSERT INTO skill_type VALUES ('DDA', '10832');
INSERT INTO skill_type VALUES ('DA', '10932');
INSERT INTO skill_type VALUES ('DA', '10987');
INSERT INTO skill_type VALUES ('ESAI', '10955');
--INSERT INTO has_cert VALUES ('per_id', 'cert_code')
INSERT INTO has_cert VALUES ('10010', '0200');
INSERT INTO has_cert VALUES ('10010', '0024');
INSERT INTO has_cert VALUES ('1000C', '0024');
INSERT INTO has_cert VALUES ('1000C', '0200');
INSERT INTO has_cert VALUES ('1000F', '0100');
INSERT INTO has_cert VALUES ('1000A', '0100');




