<?xml version="1.0" encoding="UTF-8"?>
<project-private xmlns="http://www.netbeans.org/ns/project-private/1">
    <editor-bookmarks xmlns="http://www.netbeans.org/ns/editor-bookmarks/2" lastBookmarkId="0"/>
    <open-files xmlns="http://www.netbeans.org/ns/projectui-open-files/2">
        <group>
            <file>file:/C:/School/CSCI%204125/4125Project/src/pkg4125project/AddCourse.java</file>
            <file>file:/C:/School/CSCI%204125/4125Project/src/pkg4125project/AddPerson.java</file>
            <file>file:/C:/School/CSCI%204125/4125Project/src/pkg4125project/BusinessProcess.java</file>
            <file>file:/C:/School/CSCI%204125/4125Project/src/pkg4125project/AddCompany.java</file>
            <file>file:/C:/School/CSCI%204125/4125Project/src/pkg4125project/AddJobProfile.java</file>
            <file>file:/C:/School/CSCI%204125/4125Project/src/pkg4125project/Main.java</file>
            <file>file:/C:/School/CSCI%204125/4125Project/src/pkg4125project/AddJob.java</file>
        </group>
    </open-files>
</project-private>
